epoch,train_loss_running,train_rmse,val_loss_keras,val_rmse
1,0.20960597668538658,0.10914511797603121,0.10889871145792804,0.10941317641390146
2,0.09135501383044195,0.08105895244400209,0.08076597253195694,0.08112050235812852
3,0.07368448893417813,0.0684018782231639,0.06808861797490501,0.06839881983285205
4,0.06468250594888508,0.060741407566253354,0.060511499336847546,0.06078693455564703
5,0.0591368480271305,0.05626576536405428,0.056090842344188575,0.05638281544547526
6,0.055176085199631325,0.05462958468419937,0.0545804188437381,0.054837789075497044
7,0.0526009636930045,0.050584631651047526,0.050589049402111175,0.05082666496163368
8,0.0501063726165898,0.049351285481301084,0.04934476585132332,0.04959112019164981
9,0.048510852114304455,0.05034295203543844,0.05019322447455458,0.05044993004466766
10,0.04721743797487204,0.050050220339226514,0.04999162717663263,0.050231890277989
11,0.045857564244232235,0.04528861527704951,0.0452806807125568,0.04549040827927495
12,0.04472994674318235,0.04473601376505205,0.04454986010083863,0.04480006803758337
13,0.04356514855016696,0.042149732740447955,0.04192561292521448,0.04219314609001753
14,0.0427063763511179,0.04149518701557522,0.04137393684523717,0.04157223101637984
15,0.041818380370462774,0.04169795611949144,0.04163229370278604,0.041883864417086955
16,0.04133729182256014,0.041878378050446904,0.04181085759259659,0.04201300877840346
17,0.040521799545874246,0.03821322989441462,0.03809268485661523,0.03833957302345855
18,0.039868154682619845,0.04057820582320894,0.04060125112007416,0.04082035224717595
19,0.03906796311898372,0.03856928064302346,0.03869092303113726,0.03888362788723353
20,0.03853812535471721,0.03870539710370316,0.03870408253386665,0.03887203821346462
21,0.03815403381698812,0.04166302367519465,0.041882388472672005,0.04204587000648221
22,0.03736757839321275,0.03802179199313756,0.03808617878973691,0.038309766179142425
23,0.037116687690723356,0.03846358670696167,0.038563615954773006,0.03874151208943393
24,0.03681467751874907,0.03817023793142048,0.038279660252730656,0.038469215034157345
25,0.0361364424459485,0.03656168239639848,0.03663258588392304,0.03684656431967792
26,0.03586437325127246,0.0333929374997764,0.033430088168940386,0.03364502799589062
27,0.03569347217066506,0.03356244514879666,0.033643354050766044,0.03385998549773681
28,0.03531138512116,0.03306042909533137,0.033146834935239615,0.03334552739510521
29,0.034640743825970814,0.032978172147797975,0.03304629068116543,0.03324917451757717
30,0.034550633179040356,0.035542639382642516,0.035604540716078596,0.03580895255016731
31,0.034276637898570765,0.03394032147862335,0.03389125546683934,0.03406685754958115
32,0.033911201237614666,0.042422007079535584,0.04246493209175412,0.04259902760935412
33,0.03377412063072457,0.033602163681711504,0.03359117185687483,0.033793170492447566
34,0.033537888711581434,0.03448971901830964,0.03453202445761577,0.03468763373931345
35,0.033243620516126136,0.0325246052777995,0.03258166644633877,0.032784391190173706
36,0.032949021502579674,0.03242052374340166,0.03241900677695662,0.03261015953062251
37,0.03290331922067339,0.031760345383952567,0.03175773804559229,0.03195710612726505
38,0.032623291121869735,0.0325859533556528,0.03267271835046476,0.03288255807960693
39,0.03257845225767684,0.031241303130461844,0.031257054579235874,0.0314473173393344
40,0.03252147018769642,0.03125299415315813,0.031392709042959696,0.031569831197689406
41,0.032028802098050584,0.03390927127439988,0.033865349514465196,0.034023756134776456
42,0.03186410028145373,0.03275866670172305,0.03286287175328528,0.03306567598511794
43,0.03182902337075587,0.03477922294028497,0.034901891969121995,0.035093877343720076
44,0.031520967587610874,0.03355724925727905,0.03372394484632341,0.03386495273563778
45,0.031346483601636034,0.030843027946112354,0.030904619999754492,0.031113174415764305
46,0.0314079466622936,0.03128069499309909,0.03142925099293171,0.03163037892859009
47,0.031142914420731225,0.03011355874236402,0.03004965694220108,0.030253693629458168
48,0.030933539936375667,0.03098278538346316,0.03112380086660311,0.03131678367830941
49,0.030954079088380108,0.032851292599361204,0.03280655155482138,0.03301744685105364
50,0.030714825766114937,0.029750753099062787,0.029861792895946926,0.03004377369512562
51,0.030567440256401752,0.03039317046576654,0.030484209687780917,0.03064989280603698
52,0.030658334601061345,0.029729921521996022,0.029851563684235728,0.030100363123413618
53,0.030407466517057603,0.031219316059152014,0.03128619838979447,0.0314302904887947
54,0.030438036457419628,0.031743772014680656,0.03183672033642369,0.0320235324032609
55,0.030208563666158678,0.03132430327164807,0.03143303407710637,0.03166790794220237
56,0.030133724722792365,0.03140205800302864,0.03154179254850558,0.031697965846677785
57,0.02982513168372742,0.03430446921826398,0.034295130510402186,0.034436842719886465
58,0.029636415449015963,0.02962897878867486,0.02971964539289115,0.02988159046882019
59,0.029837934240959988,0.03253072253617209,0.03248484348490595,0.032630466854491856
60,0.029734886079130773,0.030137776561460553,0.0301554923820915,0.030353308393405717
61,0.029627012076776486,0.02851165319819828,0.028653178203111133,0.028829941472044908
62,0.029426190713993935,0.027797446929728718,0.027959130226712675,0.02814791148719996
63,0.029633806285339376,0.028826217799656006,0.028895653940029187,0.029073947131246187
64,0.029248733328395247,0.031439072025080506,0.03152455329519756,0.031648290621713863
65,0.029423065737368234,0.0319562267275593,0.03221502989652375,0.03233511909250035
66,0.028960380525744435,0.027620760014203306,0.02768274771328234,0.027859523300738227
67,0.028875256984402548,0.028429771401089796,0.02848027991921467,0.0286678325747699
68,0.0288849220417774,0.029475210247696455,0.029510516639895342,0.029679423768736262
69,0.028644057904178444,0.027331411334664567,0.027332217056450798,0.027560645384605113
70,0.02850023560580768,0.03090813334532088,0.03099798787072338,0.031150066339012083
71,0.02871039124838196,0.029804497638562077,0.03002504500328034,0.030175969795283076
72,0.028461818982687428,0.027780675847242437,0.027944086105871027,0.02812097152846254
73,0.028450551436368873,0.028720389802037154,0.02878501532680468,0.028916958379171482
74,0.028417861523569635,0.026902484772003674,0.026967711401900712,0.027146728846074494
75,0.028153104232198606,0.02800336437809993,0.028079252923372978,0.028239466992963425
76,0.028199092650219113,0.02658549691829654,0.026706124864605666,0.026888516074510795
77,0.02800794267633226,0.029297192277926626,0.029377695213097934,0.029522223239840783
78,0.028038126012880735,0.027347802300721875,0.027466430085764167,0.027624087487300046
79,0.028108837508656743,0.02707727099826742,0.027151322482611248,0.027353915642210493
80,0.027680822164004987,0.026943884381623564,0.02703861784159324,0.02720695269890715
81,0.027551021293043425,0.027528009695053975,0.027710999886757855,0.02787025895832942
82,0.027727862537413394,0.02712364136725287,0.027270423305086184,0.027434540285263084
83,0.02756704881858958,0.029648899988922714,0.02978379902831744,0.029925060300087514
84,0.027478068623230843,0.02668955880792512,0.0268590752368283,0.027108503615373616
85,0.027419506500236057,0.027133738672339022,0.02720572471678749,0.0273550847582909
86,0.02739516105081442,0.03071797644105795,0.030934600070013987,0.031036058961420282
87,0.02720772850434649,0.0277072166935414,0.027885220381920903,0.0280423029077277
88,0.027345936362431503,0.026364523988081867,0.026444304721151446,0.026605216354213052
89,0.027049341466457308,0.028948202897837304,0.028986826362961595,0.029104982313022908
90,0.027206303401831118,0.027600272271695418,0.027653869370274354,0.027783015710818437
91,0.026926766366670445,0.02616516248022439,0.02626109746333026,0.026468772809704378
92,0.02689015115655668,0.028485872614860592,0.02862298485212782,0.02874334528083838
93,0.027041476753054683,0.02557541681195371,0.025666333044174826,0.025874081095134123
94,0.026824123556503682,0.02615986893865119,0.02623202188781071,0.026402824191000988
95,0.026767994489197106,0.026199843742540425,0.026293084692292818,0.026466064667011933
96,0.02682396812509652,0.026470728328974773,0.0265817134096259,0.026721880760692703
97,0.026535074521233798,0.025672721553971854,0.025822804290862162,0.02600582261156289
98,0.02678685549861883,0.027874079137027545,0.027967359089976586,0.028113499249249774
99,0.026325332684485628,0.025110307678967544,0.02526143104814666,0.025414839845172756
100,0.026445110643466885,0.028652844351764302,0.02879971099868323,0.02894897166032076
101,0.02624178111313681,0.026529135207634346,0.026688515598255396,0.02684857204912135
102,0.026252491932641474,0.030615336351651985,0.030654135826720455,0.030791819585605024
103,0.026127926511852993,0.02816047505786506,0.02815874340420285,0.028306527121460458
104,0.02620741979585922,0.0257400861866364,0.02583118443159529,0.025994472283813765
105,0.02604157116412467,0.02435086050795691,0.024505532322003604,0.02471580008630702
106,0.02615100636086198,0.025297630888109074,0.025378708038718237,0.02552994746451341
107,0.025944736856816253,0.026655099671218867,0.02680656225240427,0.026942931213020507
108,0.025781525331466597,0.026451862199734423,0.026538041850178454,0.026678996269246094
109,0.025886943810597716,0.02588171434993621,0.02596624726672996,0.0261533781714029
110,0.026055857767049828,0.025647471694435285,0.025778705653762893,0.025927319602670734
111,0.025799290268790263,0.024036326023505968,0.024138145651021778,0.02430821695841506
112,0.026065955932676712,0.02465434407510908,0.024767605129168216,0.0249509586663023
113,0.025681778875175785,0.025454789516069807,0.025542042512215715,0.025695970293820414
114,0.025512147942847407,0.025343552188684115,0.025418614748482907,0.025571251640368612
115,0.02568286972964873,0.026318541120635745,0.02640219520848594,0.026528189222830626
116,0.025453768070583988,0.024985762263794876,0.025060110951547844,0.025220232261771038
117,0.025473569032538324,0.0250403820263317,0.025025673977051032,0.02521533127676061
118,0.025399201633929273,0.02608522117121773,0.02611788607189613,0.026274710014605965
119,0.025371571728255982,0.027369944833126367,0.027537207068377957,0.027655125986326645
120,0.02524947552815261,0.025064215700920083,0.025063888302345294,0.025232466047194455
121,0.02540710410767948,0.026725354726214057,0.02674231338378194,0.02689650916410786
122,0.025461073941462475,0.028318732561615857,0.028488522154709633,0.02859498155525525
123,0.02519913201639873,0.02364656065776941,0.02374853445186789,0.02392988747013633
124,0.025202203321781514,0.024004242032213893,0.024044557347976538,0.024199579853099805
125,0.02521674942042986,0.02408328099772104,0.024164391363328524,0.02431105876327942
126,0.025068337486075686,0.023625702844423887,0.02369827278750627,0.02387138241799845
127,0.025273224284745044,0.026846102619869888,0.02682371091198862,0.026979593663335737
128,0.025063035116882213,0.024391582332749025,0.02432713341330445,0.02447995430938252
129,0.025158932848667208,0.02408195102614351,0.024132070063129663,0.024311005897460092
130,0.02483421972271531,0.02416510579332799,0.02426890851014875,0.024430700550435894
131,0.024839573632355654,0.025094561542971194,0.02527271780599392,0.025421732586174577
132,0.02477194804022862,0.02403704852956543,0.024116894174674147,0.024298638500054225
133,0.024866652623798398,0.023464178095345862,0.02354402236535052,0.023695334296171763
134,0.024722188707924135,0.023176913341612513,0.023228957366917078,0.023413810274949372
135,0.024540049931958356,0.026701787991502166,0.02670005555639567,0.026802421185482612
136,0.02492715137149128,0.024473956059044913,0.024604547883072213,0.024769113637022947
137,0.02453784456055522,0.024650158255079328,0.0246065806994058,0.024757221106210668
138,0.024727936781757606,0.024339179316508697,0.02436540673639521,0.024517920238418863
139,0.024813111538061487,0.025641597675615187,0.02572829069812909,0.025842984613261177
140,0.024624517833490844,0.02444927483505805,0.02450697727463139,0.024662569544669798
141,0.024761418549633037,0.024405114291944405,0.024469596465646982,0.02462677817384159
142,0.024659948188088143,0.023916477135831896,0.024050576838821267,0.024197703406150527
143,0.0245565166957186,0.025081432699918547,0.024966009158860845,0.025128526052190063
144,0.024561276886300932,0.023098980427489528,0.023138288293890894,0.023334542816727716
145,0.024426595094254436,0.023433168518014597,0.0235172412474762,0.023654887505635398
146,0.024500151198648543,0.024499673038470445,0.024532410786544077,0.024670731392499593
147,0.02435815355623316,0.023704082626495433,0.023721268611433994,0.023870435594030768
148,0.024418260125684453,0.025259075798297854,0.02536869943201306,0.025508665485590783
149,0.024359926819220765,0.022908081116547553,0.02296065897280198,0.023131898065412142
150,0.024339022537554066,0.024725694941884726,0.02480404666507864,0.024924334516394683
151,0.024234257579378762,0.02443412870599725,0.024561404934952683,0.02469945181715629
152,0.0243255128866552,0.023639375779618135,0.0237316921290882,0.02390514166616908
153,0.024128819181335318,0.025222010280128552,0.025373028327588868,0.02549702523853604
154,0.024428927235945246,0.024748249692604793,0.02477248924528709,0.024905232200759818
155,0.024194156688290537,0.022341109232994052,0.022359935823319983,0.022544521229474118
156,0.024137091427008504,0.0237325386030386,0.023743853380919316,0.023896118652436092
157,0.024228424655638497,0.0243733720105868,0.0244481608767899,0.024582652850702113
158,0.024245144048068396,0.02391264672046172,0.02395038521515971,0.024092936957150167
159,0.02407605832405104,0.023680379266236562,0.023723686576033087,0.02387893383111813
160,0.02419001447988792,0.022301920040083488,0.022342356211778002,0.022522752525057088
161,0.024065287101437537,0.022941811292975244,0.02297655271175198,0.023119805568309768
162,0.02404122982387545,0.026610164079188484,0.026712317205910913,0.026832592220360524
163,0.024128890502814453,0.02271570616939477,0.022804796945700825,0.02295527979965121
164,0.02384003678505994,0.022798450962048872,0.022893360533377396,0.023046847840900324
165,0.024025940496137113,0.02382865323264965,0.023890449494295318,0.02403958062493444
166,0.02395614617879043,0.023734987891527753,0.023739453803374833,0.023871586986030716
167,0.023931060279025355,0.024482260187408126,0.02461720900645475,0.02473731520974496
168,0.023852130626703084,0.023427772250346576,0.02351508807680419,0.023681267778760437
169,0.023790367054242544,0.023097262656952295,0.023113844413569968,0.02329508020375953
170,0.02383108631103579,0.024208191721700936,0.02427032549634656,0.024401379065094393
171,0.023983537055862748,0.023583182276189104,0.023571510360929325,0.023690741048868272
172,0.023757888011139452,0.023493445841265708,0.023666735169931726,0.023799686890456095
173,0.02379571512388713,0.023192976945885978,0.023271792646647554,0.023443688970099373
174,0.02365214375727654,0.022947414760086982,0.022966310522244092,0.023146522037248624
175,0.02374841296754591,0.02350624317421261,0.023545907861815558,0.023708458734844312
176,0.02380140720108909,0.02268616098617514,0.022797289650544852,0.022960972018420713
177,0.023759974875493788,0.023461751323448257,0.023583350505249408,0.023736206495769394
178,0.023585600239370483,0.022287931200094344,0.022352366111156475,0.022503720447562672
179,0.02364720126895901,0.02283511247474071,0.02298144490134585,0.023138496722120188
180,0.023659519922388957,0.023780366188718875,0.023835946642587275,0.02396826484853755
181,0.023497896486851976,0.023200445204876945,0.023260244922573364,0.023431051471570527
182,0.02365203302191336,0.02252105502882431,0.022561256049555847,0.022703591495638963
183,0.02352809224906515,0.02345011275089546,0.023482005755579884,0.023627516972775493
184,0.023587367574856983,0.022042147347204194,0.022094881632633224,0.022249041773583025
185,0.023412808919186182,0.025965558293372177,0.02606413308313336,0.026202444769502727
186,0.02353057733987132,0.022412452679534466,0.02246346911648786,0.02265367379369958
187,0.02361424437052367,0.026297698111441507,0.0261991553211903,0.026434853487674045
188,0.023441200165247887,0.022624169733579967,0.022656464726577567,0.022782324138463567
189,0.023411568239787947,0.02187870146386098,0.021938007421977886,0.022101306449595532
190,0.023334232052393135,0.023792230181302266,0.023846967113570615,0.023984610425404104
191,0.023502933476789598,0.02224292439364814,0.022319823614957348,0.022475505639615107
192,0.023273228904881416,0.021424045945836738,0.021409833841370095,0.0215686302388364
193,0.023429234490995585,0.022681097628779397,0.022686779735124528,0.02283947736648145
194,0.023354551431694893,0.022217927174679686,0.022283218900052214,0.022429396418922866
195,0.02324720227895572,0.02266913303034016,0.022776232158579685,0.022943259000157003
196,0.023428165448971944,0.02404999382566859,0.02412556909316492,0.024252096476861995
197,0.02322627755332398,0.024383569982702614,0.024537328481177845,0.02467265383273808
198,0.023428030142996402,0.023860634006305472,0.023951896922147536,0.02405559402362192
199,0.023151506041307824,0.02375163954330735,0.023824287361996443,0.02393936669036173
200,0.02335151663172016,0.023247754645333144,0.023350715536639987,0.023471090846205852
201,0.02311705588988876,0.025445976988601526,0.025545541882441132,0.025644186047270704
202,0.02309460460359568,0.02383705786811618,0.02394090578263515,0.024052881792180097
203,0.02327825722879247,0.022300918199372386,0.022360008903074303,0.0225416481016912
204,0.02305700021400209,0.023729136244440768,0.0237244225854991,0.023883742530761504
205,0.022969313809743427,0.023793873370148367,0.023789575227510962,0.02392683246012068
206,0.023070796247188184,0.025492582762723617,0.02558185555364204,0.025669810309221098
207,0.023094636836016036,0.022713970541547127,0.022684425061100584,0.022831781398765245
208,0.023052787292375133,0.022259540171884362,0.022367634673692724,0.022513828903486417
209,0.022964685395140107,0.023380369979641106,0.023427939179941654,0.023561589963343794
210,0.022828029188247424,0.02408159041924051,0.02419540294767524,0.02433010743437412
211,0.02304745164995455,0.02270534905236546,0.02269120886868582,0.02283937261859233
212,0.023096564038278214,0.02189502884735601,0.02191601286975849,0.02207323381515133
213,0.022769682673111278,0.023125291121300733,0.023176146917367205,0.02329164438813013
214,0.02292480752447977,0.02401682450392589,0.024128774424708888,0.02425574035216746
215,0.023010514082709967,0.02362872120928614,0.02361838149216227,0.023813453851176673
216,0.02284361383866431,0.030864351049878735,0.030884174219287682,0.030951810017814965
217,0.022920554637550952,0.02523217506608553,0.02525945242599895,0.02539651861121157
