maturity,strike,mean_pct,std_pct,max_pct
0.1,0.5,0.8275627692879619,1.5080325955733063,61.10619329916906
0.1,0.6,0.4790542491981347,0.5817845893292711,14.969122459043305
0.1,0.7,0.4258664746812098,0.4016056274844043,5.2766695072515475
0.1,0.8,0.3756067330991284,0.3491586973014369,5.523016252864385
0.1,0.9,0.41739675367825346,0.40300393694869197,8.748160188777769
0.1,1.0,0.6335014833387612,0.7439046212472584,16.017002312896977
0.1,1.1,0.7593482597567404,1.021587559039993,19.985639289028377
0.1,1.2,0.7403910455924766,0.9141348518054186,14.89843679897346
0.1,1.3,0.6819816924798839,0.8099804104623234,21.56668686404785
0.1,1.4,0.7503228501292907,1.1826090295525993,34.885512260586836
0.1,1.5,1.0128589006584616,2.102973878329791,96.45989248352514
0.3,0.5,0.36961809077936425,0.4034689841238752,6.791541471207265
0.3,0.6,0.29310659802449923,0.30927758325152804,5.54176171236924
0.3,0.7,0.2500437814319464,0.2519208112016609,3.990220065501287
0.3,0.8,0.25306707814060075,0.2408011043275037,5.027859350728704
0.3,0.9,0.3122258807643026,0.31322114027790693,7.568506224276128
0.3,1.0,0.4708431456118807,0.5122310196833354,9.482660578627733
0.3,1.1,0.5811555759486774,0.7765162493131819,24.791232759998056
0.3,1.2,0.5804292635126846,0.7416563108073292,13.771652690400474
0.3,1.3,0.5733935960864118,0.7428688979001212,18.928600062825968
0.3,1.4,0.6058450812185469,0.8027163664609727,21.583558869375786
0.3,1.5,0.7154774455616709,1.1466545894000126,42.516771358508535
0.6,0.5,0.28121606369080293,0.2973295624829843,4.1190876232773626
0.6,0.6,0.24849135960511914,0.2602038256383819,3.967501463413138
0.6,0.7,0.2372885155460633,0.24238520862837434,5.407289047236345
0.6,0.8,0.24785015677019837,0.24521758727027548,6.874999347131674
0.6,0.9,0.3037330618603493,0.29441509641669056,8.10956782627328
0.6,1.0,0.42846701983154706,0.4448387362857979,8.014180131259042
0.6,1.1,0.4755654668118524,0.6567977337757854,14.347077051159227
0.6,1.2,0.47998654115760564,0.6770778172442468,17.03147350212938
0.6,1.3,0.5087015640008585,0.7505166646020524,16.25687034858019
0.6,1.4,0.5613947055046096,0.8040331303546475,20.573027241643924
0.6,1.5,0.6381413970370302,0.9597228562633073,34.13176021956815
0.9,0.5,0.22137378870785243,0.23706009428996386,4.568961076253341
0.9,0.6,0.19080859425874086,0.2057954663522512,4.304370420742812
0.9,0.7,0.19363437107522077,0.19662093695657343,4.077696398003295
0.9,0.8,0.227245192124929,0.21536920602366832,3.9766645530393943
0.9,0.9,0.2925225301717358,0.2788888048784354,4.323792390090306
0.9,1.0,0.40092920846712937,0.4320252817651995,9.154977495632512
0.9,1.1,0.4589698236915199,0.6103536610172976,14.218821367780057
0.9,1.2,0.48962167435984466,0.649463473895763,17.320706970829733
0.9,1.3,0.5413870472665646,0.8012243247576708,19.199406382271032
0.9,1.4,0.5830663998455323,0.8656202582372571,22.04981557352594
0.9,1.5,0.6587573085845359,0.9995080936675936,30.376776608593815
1.2,0.5,0.21449774509330216,0.21326667592576634,5.934283322305089
1.2,0.6,0.19375538177293938,0.19149719873848797,6.234446932978493
1.2,0.7,0.2028083605879469,0.18917332573933807,6.512203471019048
1.2,0.8,0.2320871184621345,0.20355983549072762,6.378550803830886
1.2,0.9,0.29273493845567694,0.2531784324636108,5.946339402613318
1.2,1.0,0.39130961653835883,0.4002445654457477,9.651113124237037
1.2,1.1,0.47966549345314724,0.6027812627818749,16.76710475362972
1.2,1.2,0.5784835009992294,0.6240057549530111,18.508281848913303
1.2,1.3,0.6320414760905546,0.7874164072190817,25.100852211970015
1.2,1.4,0.6379177838905873,0.8372118183605239,29.417994226003785
1.2,1.5,0.6740169527750943,0.9361538766234112,30.89538229597246
1.5,0.5,0.2176962331905523,0.18636850233824578,4.523433451631989
1.5,0.6,0.19669814432802438,0.16799836398193507,4.814904949943568
1.5,0.7,0.20698789910923626,0.17456302067863924,4.954041142965623
1.5,0.8,0.23599479458095476,0.20004199719442606,5.00599183520444
1.5,0.9,0.30149276515813006,0.25672714659397594,5.101743332902889
1.5,1.0,0.4211629722200914,0.4018980390870194,9.305999339025695
1.5,1.1,0.5284014321607006,0.6228948566350231,12.809534087767577
1.5,1.2,0.6558768281686742,0.6636748154962151,14.180686293616404
1.5,1.3,0.6718067849677671,0.7914916821780853,22.99802432465988
1.5,1.4,0.6262434768025767,0.7950706809409394,26.90763049050177
1.5,1.5,0.6257127458905527,0.8574392157613504,26.807337587573098
1.8,0.5,0.18515482357241034,0.16471230170767223,3.590309427147992
1.8,0.6,0.18059275940202796,0.15798482411052497,3.993641284320104
1.8,0.7,0.1965077229626582,0.17199860032889364,4.417798664539029
1.8,0.8,0.2357804063590687,0.2090802347958189,4.701505301946794
1.8,0.9,0.3082285500634449,0.27739897135521396,4.655740986680568
1.8,1.0,0.40361042587654644,0.42216261309712466,9.59430500208068
1.8,1.1,0.4933319632415807,0.6403493967480429,14.759375632446606
1.8,1.2,0.5249995960618754,0.6068308104230123,14.703584347751464
1.8,1.3,0.5382232447891879,0.7340972024726651,24.361117723737298
1.8,1.4,0.5141632677905251,0.7447108237820562,27.690071047265008
1.8,1.5,0.5402684783355218,0.8209544671911558,27.660390486449554
2.0,0.5,0.19722004178767977,0.17492397022107406,5.967153604256965
2.0,0.6,0.19587236755394438,0.17446070080431145,6.387861847952801
2.0,0.7,0.21409607326305174,0.19044613718216197,6.831133152509965
2.0,0.8,0.24989666283761533,0.2214248954798343,7.12955662874771
2.0,0.9,0.31814165483640994,0.2810989851529278,7.069073317836265
2.0,1.0,0.42393709440197924,0.4401174838317357,11.866615882610047
2.0,1.1,0.5147664537146321,0.6521014942554783,16.25234182890002
2.0,1.2,0.5718751046772848,0.686175546081791,15.836641449458554
2.0,1.3,0.5888682943852751,0.8011085353690818,25.659844771821533
2.0,1.4,0.5736902723323306,0.7984441059283679,28.552104497831525
2.0,1.5,0.5978341961697129,0.8630978982485604,27.705703041141795
