seed,split,n_rows,avg_rel_error_pct,largest_cell_mean_pct,smallest_cell_mean_pct,largest_cell_std_pct,max_rel_error_pct,p95_rel_error_pct,p99_rel_error_pct,share_of_cells_above_1pct
0,train,60000,0.4578184377281304,1.1407412222376783,0.19727803228112342,2.2231064117230765,96.00595535312978,1.3993468745741557,3.014029119254852,0.09443068181818182
0,val,8000,0.46089253568615907,1.1258262988682888,0.19695339867550465,2.073843568381073,46.32982253471069,1.4084136940892207,3.0685354369567497,0.09501704545454545
1,train,60000,0.4408488184325092,1.0774868865165101,0.18235010408778352,2.176701677329122,102.83267447768938,1.3208331886746891,2.893847364047884,0.08649299242424242
1,val,8000,0.44790962197144013,1.0553555562915324,0.18292458312890572,1.9850227590282876,44.065710980673856,1.3449734201577142,3.010201518620519,0.08854829545454546
2,train,60000,0.46168974879643015,1.202891164802785,0.1967699561899803,2.2234691660384396,95.26848074367614,1.4079202465318905,3.1219447690365376,0.09520416666666667
2,val,8000,0.4663469253356154,1.197367464696276,0.19553396117812263,2.093909626673294,45.37003688002991,1.4194381862299887,3.1609055751847412,0.09610085227272727
3,train,60000,0.46548986208519855,1.114008934978155,0.1919830940490925,2.3036776958624765,99.36352900568507,1.4209700122244149,3.1019275759782086,0.09830303030303031
3,val,8000,0.4683669361592783,1.0962630190470897,0.19266146862568673,2.1326962296846204,44.59480174119968,1.4267899558935841,3.1862488923321814,0.0984090909090909
4,train,60000,0.4382125049825181,1.0128589006584616,0.18059275940202796,2.102973878329791,96.45989248352514,1.315857967666909,2.8874806389810144,0.08539886363636363
4,val,8000,0.442388119436412,1.0065625614915192,0.17980607429426743,1.9523128198764457,46.607721707456115,1.3321529960014304,2.94945552179,0.08705397727272728
